dir	additions	deletions	changes
src/debug/pe/testdata	0	0	0
misc/cgo/testcshared/testdata/libgo5	0	0	0
misc/cgo/testcshared/testdata/libgo4	0	0	0
src/os/testdata/dirfs	0	0	0
misc/cgo/testcshared/testdata/go2c2go/m2	0	0	0
misc/cgo/testcshared/testdata/go2c2go/m1	0	0	0
misc/cgo/testcshared/testdata/go2c2go/go	0	0	0
misc/cgo/testcshared/testdata	0	0	0
src/internal/traceparser/testdata	0	0	0
misc/cgo/testcshared/testdata/p	0	0	0
misc/cgo/testcarchive/testdata/p	0	0	0
misc/cgo/testcarchive/testdata/libgo3	0	0	0
misc/cgo/testcarchive/testdata/libgo2	0	0	0
misc/cgo/test/testdata/issue9510b	0	0	0
misc/cgo/test/testdata/issue9510a	0	0	0
src/image/testdata	0	0	0
src/image/png/testdata	0	0	0
misc/cgo/test/testdata/issue8828	0	0	0
misc/cgo/test/testdata/issue8756	0	0	0
misc/cgo/testcarchive/testdata/libgo4	0	0	0
misc/cgo/test/testdata/issue27340	0	0	0
src/os/testdata/dirfs/dir	0	0	0
misc/cgo/testplugin/altpath/testdata/common	0	0	0
misc/nacl/testdata/bin	0	0	0
src/cmd/internal/archive/testdata	0	0	0
test/fixedbugs/issue15071.dir	0	0	0
src/time/testdata	0	0	0
misc/cgo/testplugin/testdata/issue25756/plugin	0	0	0
misc/cgo/testplugin/testdata/issue25756	0	0	0
misc/cgo/testplugin/testdata/issue24351	0	0	0
misc/cgo/testplugin/testdata/issue22295.pkg	0	0	0
src/cmd/vendor/github.com/google/pprof/internal/binutils/testdata/lib_mac_64.dSYM/Contents/Resources/DWARF	0	0	0
misc/cgo/testplugin/testdata/issue22175	0	0	0
misc/cgo/testplugin/testdata/issue19529	0	0	0
misc/cgo/testplugin/testdata/issue19418	0	0	0
misc/cgo/testplugin/testdata/issue18676/dynamodbstreamsevt	0	0	0
misc/cgo/testplugin/testdata/issue18584	0	0	0
misc/cgo/testplugin/testdata/iface_i	0	0	0
src/cmd/vendor/github.com/google/pprof/internal/binutils/testdata/exe_mac_64.dSYM/Contents/Resources/DWARF	0	0	0
misc/cgo/testplugin/testdata/common	0	0	0
misc/cgo/testplugin/testdata/checkdwarf	0	0	0
misc/cgo/testplugin/testdata/issue19534	0	0	0
misc/cgo/test/testdata/issue26743	0	0	0
src/cmd/go/testdata/src/exclude/empty	0	0	0
misc/cgo/test/testdata/issue26213	0	0	0
src/crypto/ed25519/testdata	0	0	0
misc/cgo/stdio/testdata/stdio	0	0	0
src/crypto/internal/edwards25519/field	0	0	0
doc/gopher/pencil	0	0	0
src/debug/gosym/testdata	0	0	0
misc/cgo/test/testdata/issue20266	0	0	0
misc/cgo/test/testdata/issue23555a	0	0	0
misc/cgo/test/testdata/issue23555b	0	0	0
misc/cgo/test/testdata/issue24161arg	0	0	0
misc/cgo/test/testdata/gcc68255	0	0	0
misc/cgo/test/testdata/issue24161res	0	0	0
misc/cgo/test/testdata/issue26430	0	0	0
src/go/build/testdata/withvendor/src/a/vendor/c/d	1	0	1
src/cmd/doc/testdata/nested	2	0	2
test/fixedbugs/bug369.dir	2	0	2
src/cmd/go/testdata/testterminal18153	2	0	2
src/cmd/api/testdata/src/issue21181/p	2	0	2
test/fixedbugs/issue19507.dir	1	1	2
src/hash/adler32	2	0	2
src/cmd/api/testdata/src/issue29837/p	2	0	2
misc/cgo/test/issue9026	1	1	2
src/crypto/internal/nistec/fiat	1	1	2
src/crypto/internal/edwards25519/field/_asm	1	1	2
src/cmd/go/testdata/src/vend/x/vendor/p	0	3	3
src/cmd/go/testdata/src/vend/x/vendor/p/p	0	3	3
src/cmd/go/testdata/src/exclude/ignore	0	3	3
src/cmd/go/testdata/testvendor/src/q/vendor/x	0	3	3
src/cmd/go/testdata/src/empty/pkg	0	3	3
src/cmd/go/testdata/testinternal2/x/y/z/internal/w	0	3	3
src/cmd/go/testdata/src/vend/x/invalid	0	3	3
src/cmd/go/testdata/testvendor2/vendor/x	0	3	3
src/cmd/go/testdata/testinternal4/src/q/internal/x	0	3	3
src/cmd/go/testdata/testonly	0	3	3
src/cmd/go/testdata/src/dupload/p	0	3	3
src/cmd/go/testdata/src/dupload/vendor/p	0	3	3
misc/cgo/testsigfwd	3	0	3
src/cmd/go/testdata/src/vend/x/vendor/r	0	3	3
src/go/build/testdata/withvendor/src/a/b	3	0	3
src/cmd/doc/testdata/nested/empty	3	0	3
src/cmd/go/testdata/src/empty/test	0	3	3
src/cmd/go/testdata/src/run/subdir/internal/private	0	3	3
src/cmd/go/testdata/src/run/internal	0	3	3
src/archive/zip/testdata	3	0	3
src/cmd/go/testdata/src/canonical/a/vendor/c	0	3	3
src/cmd/go/testdata/importcom/src/wrongplace	0	3	3
src/cmd/go/testdata/src/vend/dir1	0	3	3
src/cmd/go/testdata/src/badpkg	0	3	3
src/cmd/go/testdata/src/vend/vendor/p	0	3	3
src/compress/gzip/testdata	3	0	3
src/cmd/go/testdata/src/empty/xtest	0	3	3
src/cmd/go/testdata/src/vend/vendor/q	0	3	3
src/cmd/go/testdata/rundir/sub	0	3	3
src/cmd/go/testdata/rundir	0	3	3
src/cmd/go/testdata/src/vend/vendor/vend/dir1/dir2	0	3	3
src/cmd/go/testdata/importcom/src/bad	0	3	3
misc/cgo/testplugin/testdata/unnamed2	4	0	4
test/fixedbugs/issue11053.dir	2	2	4
misc/cgo/testplugin/testdata/unnamed1	4	0	4
misc/cgo/testplugin/testdata/sub/plugin1	2	2	4
test/fixedbugs/issue8060.dir	2	2	4
src/cmd/api/testdata/src/pkg/p1	2	2	4
test/fixedbugs/issue22962.dir	2	2	4
test/fixedbugs/issue23179.dir	2	2	4
misc/cgo/testcarchive/testdata/libgo	2	2	4
misc/cgo/testplugin/altpath/testdata/plugin-mismatch	2	2	4
misc/cgo/testcshared/testdata/libgo	2	2	4
test/fixedbugs/issue7648.dir	2	2	4
src/embed/internal/embedtest/testdata/i	4	0	4
src/embed/internal/embedtest/testdata/i/j/k	4	0	4
test/fixedbugs/issue5910.dir	2	2	4
misc/cgo/testtls	4	0	4
misc/cgo/testplugin/testdata/iface_a	2	2	4
misc/cgo/testplugin/testdata/iface_b	2	2	4
src/embed/internal/embedtest/testdata/.hidden/.more	5	0	5
src/go/parser/testdata/issue42951/not_a_file.go	5	0	5
misc/cgo/testshared/src/implicit	0	5	5
src/cmd/internal/archive/testdata/mycgo	5	0	5
src/cmd/go/testdata/shadow/root1/src/foo	1	4	5
misc/cgo/testplugin/testdata/issue52937	0	5	5
src/cmd/go/testdata/shadow/root1/src/math	1	4	5
src/cmd/go/testdata/src/testnorun	0	5	5
src/embed/internal/embedtest/testdata/.hidden/more	5	0	5
src/cmd/go/testdata/shadow/root2/src/foo	1	4	5
src/embed/internal/embedtest/testdata/.hidden/_more	5	0	5
src/os/testdata	5	0	5
src/cmd/internal/goobj/testdata/mycgo	0	5	5
src/cmd/go/testdata/src/empty/testxtest	0	6	6
src/cmd/internal/gcprog	2	4	6
src/cmd/go/testdata/src/cgoasm	0	6	6
src/cmd/vendor/golang.org/x/tools/go/analysis/passes/atomic	3	3	6
src/cmd/go/testdata/src/empty/pkgtest	0	6	6
test/fixedbugs/bug222.dir	4	2	6
misc/cgo/test/testdata/issue24161e2	3	3	6
src/cmd/go/testdata/importcom/src/works/x	0	6	6
misc/cgo/test/testdata/issue24161e1	3	3	6
src/cmd/go/testdata/src/empty/pkgxtest	0	6	6
misc/cgo/test/testdata/issue24161e0	3	3	6
src/cmd/go/testdata/src/badc	0	6	6
src/cmd/go/testdata/importcom/src/conflict	0	6	6
src/cmd/internal/xcoff/testdata	0	7	7
src/cmd/go/testdata/src/my.pkg/main	0	7	7
test/fixedbugs/issue4510.dir	4	4	8
src/cmd/vet/testdata/src/testingpkg	4	4	8
misc/cgo/testplugin/testdata/issue18676	4	4	8
test/ken	4	4	8
misc/cgo/testshared/src/exe2	0	8	8
misc/cgo/testshared/src/execgo	0	8	8
src/vendor/golang_org/x/text/secure	0	8	8
misc/cgo/testcshared/testdata/libgo2	4	4	8
src/cmd/go/testdata/importcycle/src/selfimport	0	9	9
src/cmd/go/testdata/src/testdep/p2	0	9	9
src/cmd/go/testdata/src/canonical/a	0	9	9
src/cmd/go/testdata/src/testdep/p3	0	9	9
misc/cgo/testcshared/src/go2c2go/go	8	1	9
src/cmd/go/testdata/src/canonical/b	0	9	9
src/cmd/go/testdata/src/not_main	0	9	9
src/cmd/go/testdata/src/my.pkg	0	9	9
src/cmd/go/testdata/src/vend/vendor/strings	0	9	9
src/cmd/go/testdata/src/empty/pkgtestxtest	0	9	9
src/crypto/internal/edwards25519	4	5	9
misc/cgo/testshared/src/explicit	0	9	9
src/cmd/link/internal/ld/testdata/issue25459/main	6	3	9
src/cmd/go/testdata/testvendor2/src/p	0	9	9
src/cmd/go/testdata/testvendor/src/q/z	0	9	9
src/cmd/go/testdata/testvendor/src/q/y	0	9	9
src/cmd/go/testdata/src/coverdot1	0	9	9
src/os/testdata/issue37161	9	0	9
src/cmd/go/testdata/testinternal4/src/q/j	0	9	9
src/cmd/go/testdata/testinternal3	0	9	9
src/cmd/go/testdata/src/coverdep/p1	0	9	9
src/cmd/go/testdata/testinternal2	0	9	9
src/cmd/go/testdata/testinternal	0	9	9
src/cmd/go/testdata/testimport/p2	0	9	9
src/cmd/go/testdata/testimport/p1	0	9	9
src/cmd/go/testdata/src/canonical/d	0	9	9
src/cmd/go/testdata/src/coverdep2/p1	0	9	9
src/cmd/go/testdata/src/dupload/p2	0	9	9
test/interface/embed1.dir	6	4	10
test/fixedbugs/issue23311.dir	7	3	10
misc/cgo/testplugin/testdata/plugin1	6	4	10
src/cmd/go/testdata/src/importmain/ismain	0	10	10
src/internal/race	10	0	10
src/internal/syscall/windows/sysdll	8	2	10
src/cmd/vet/testdata/shift	8	2	10
src/runtime/testdata/testprognet	7	3	10
src/embed/internal/embedtest/testdata/_hidden	10	0	10
src/cmd/link/internal/ld/testdata/issue25459/src/main	0	10	10
misc/cgo/testplugin/testdata/plugin2	6	4	10
misc/cgo/testplugin/testdata/iface	6	4	10
src/embed/internal/embedtest/testdata/.hidden	10	0	10
src/embed/internal/embedtest/testdata/-not-hidden	10	0	10
src/vendor/golang_org/x/text/unicode	0	10	10
src/cmd/vet/testdata/structtag	11	0	11
src/cmd/vet/testdata/unused	8	3	11
src/cmd/trace/static	6	5	11
test/fixedbugs/issue15514.dir	6	6	12
misc/cgo/life/testdata	6	6	12
src/cmd/vendor/golang.org/x/tools	12	0	12
src/crypto/rc4	8	4	12
src/cmd/go/testdata/src/testdep/p1	0	12	12
src/cmd/vendor/golang.org/x/crypto	12	0	12
src/cmd/internal/buildid/testdata	12	0	12
test/fixedbugs/issue5957.dir	6	6	12
test/fixedbugs/issue19028.dir	6	6	12
test/fixedbugs/issue18419.dir	6	6	12
src/cmd/vendor/golang.org/x/sys	12	0	12
misc/cgo/stdio/testdata	6	6	12
src/cmd/link/testdata/testBuildFortvOS	13	0	13
src/cmd/vet/testdata/nilfunc	13	0	13
src/crypto/internal/subtle	10	4	14
src/cmd/vet/testdata/unsafeptr	14	0	14
src/internal/nettrace	8	6	14
src/cmd/vet/testdata/lostcancel	14	0	14
src/cmd/vet/testdata/deadcode	14	0	14
src/cmd/vet/testdata/bool	14	0	14
src/cmd/vet/testdata/atomic	14	0	14
src/runtime/testdata/testprogcgo/windows	5	9	14
src/cmd/link/internal/ld/testdata/issue26237/main	10	4	14
test/fixedbugs/issue19467.dir	8	6	14
src/cmd/vet/testdata/method	14	0	14
src/cmd/go/testdata/badmod	0	15	15
src/cmd/go/testdata/src/go-cmd-test	0	15	15
src/cmd/go/testdata/src/sleepybad	0	15	15
test/stress	5	10	15
src/cmd/go/testdata/src/syntaxerror	0	15	15
misc/cgo/testshared/testdata/implicit	10	5	15
misc/chrome/gophertool	8	8	16
src/cmd/go/testdata/src/multimain	0	16	16
test/linkname.dir	8	8	16
src/cmd/link/internal/ld/testdata/issue26237/src/main	0	16	16
src/cmd/internal/browser	8	8	16
src/cmd/link/internal/ld/testdata/issue26237/src/b.dir	0	16	16
src/cmd/link/internal/ld/testdata/issue26237/b.dir	16	0	16
src/cmd/vet/testdata/rangeloop	17	0	17
src/cmd/go/testdata/testvendor/src/p	0	18	18
src/cmd/go/testdata/src/exclude	0	18	18
src/cmd/vet/testdata/src/buildtag	0	18	18
src/internal/errinternal	9	9	18
src/cmd/go/internal/imports/testdata/import1	0	18	18
misc/cgo/test/testdata/issue9026	9	9	18
src/cmd/vet/testdata/unmarshal	18	0	18
src/cmd/go/testdata/src/notest	0	18	18
src/crypto/internal/boring/syso	18	0	18
src/go/build/testdata/cgo_disabled	18	0	18
src/cmd/go/testdata/testonly2	0	18	18
src/cmd/go/testdata/testinternal4/src/p	0	18	18
misc/cgo/testshared/testdata/trivial	9	9	18
src/internal/x	6	12	18
src/cmd/go/testdata/src/bench	0	18	18
src/cmd/go/testdata/src/vend	0	18	18
src/cmd/go/testdata/src/vend/subdir	0	18	18
misc/cgo/testshared/testdata/execgo	10	9	19
src/internal/xcoff/testdata	19	0	19
src/debug/plan9obj	13	6	19
misc/cgo/testshared/testdata/exe3	10	10	20
test/fixedbugs/issue51291.dir	20	0	20
misc/cgo/testcarchive/testdata/libgo6	10	10	20
src/go/build/testdata/alltags	20	0	20
misc/cgo/fortran	15	5	20
src/cmd/go/testdata/src/skipper	0	21	21
src/cmd/go/testdata/src/testcycle/q1	0	21	21
src/cmd/go/testdata/src/testcycle/p2	0	21	21
misc/cgo/testasan	21	0	21
src/cmd/go/testdata/local/sub/sub	0	21	21
src/cmd/go/testdata/src/vend/x	0	21	21
src/cmd/go/testdata/src/coverdep2/p2	0	21	21
src/cmd/go/testdata/src/cgocover	0	21	21
src/cmd/go/testdata/src/xtestonly	0	21	21
src/cmd/go/testdata/testcover/pkg1	0	21	21
src/cmd/go/testdata/src/importmain/test	0	21	21
misc/cgo/test/testdata/issue27054	18	3	21
misc/cgo/gmp	14	8	22
src/cmd/link/internal/ld/testdata/httptest/main	22	0	22
.github	14	8	22
misc/cgo/testcshared/src/go2c2go/m2	22	0	22
src/cmd/vet/testdata/src/copylock	11	11	22
src/cmd/go/testdata/src/main_test	0	22	22
src/image/internal/imageutil	10	12	22
src/cmd/link/internal/ld/testdata/httptest/src/main	0	22	22
src/cmd/vet/testdata/src/structtag	11	11	22
src/cmd/link/internal/ld/testdata/issue32233/main	22	0	22
src/runtime/msan	12	10	22
src/crypto/subtle	12	10	22
src/cmd/vendor/golang.org/x/tools/go/analysis/passes/nilfunc	18	4	22
test/typeparam/issue52117.dir	22	0	22
misc/cgo/testshared/testdata/exe2	12	11	23
src/cmd/go/testdata/src/dupload	0	24	24
misc/cgo/test/issue27054	24	0	24
src/internal/x/text/secure	8	16	24
src/cmd/vet/testdata/composite	24	0	24
test/fixedbugs/bug248.dir	12	12	24
test/retjmp.dir	22	2	24
test/fixedbugs/bug345.dir	12	12	24
src/cmd/go/testdata/testcover/pkg2	0	24	24
src/cmd/vet/testdata/src/shift	13	13	26
src/cmd/vet/testdata/src/nilfunc	13	13	26
src/cmd/vet/testdata/src/unused	13	13	26
src/net/http/httptrace	13	13	26
src/debug/macho/testdata	26	0	26
src/cmd/oldlink/testdata	13	13	26
src/cmd/vendor/golang.org/x/tools/go/analysis/passes/unusedresult	19	7	26
src/cmd/link/internal/ld/testdata/issue25459/src/a	0	27	27
src/cmd/go/testdata/src/vetfail/p1	0	27	27
src/image/color/palette	15	12	27
src/cmd/link/internal/ld/testdata/issue25459/a	27	0	27
src/cmd/vet/testdata/src/unsafeptr	14	14	28
misc/cgo/testcshared/src/go2c2go/m1	27	1	28
test/fixedbugs/issue52279.dir	28	0	28
src/cmd/vet/testdata/src/bool	14	14	28
src/cmd/vet/testdata/src/method	3	25	28
src/cmd/vet/testdata/src/lostcancel	14	14	28
src/cmd/vet/testdata/src/atomic	14	14	28
src/cmd/vet/internal/whitelist	0	28	28
src/cmd/vet/testdata/src/deadcode	14	14	28
src/cmd/vendor/golang.org/x/xerrors/internal	19	10	29
misc/cgo/test/testdata/issue43639	27	2	29
misc/cgo/testshared/testdata/explicit	19	10	29
src/cmd/go/testdata/src/cgocover2	0	30	30
src/reflect/internal/example2	30	0	30
src/cmd/vendor/golang.org/x/tools/go/analysis/passes/assign	27	3	30
misc/cgo/testplugin/testdata/host	15	15	30
src/cmd/go/testdata/norunexample	0	30	30
src/html/template/testdata	30	0	30
src/cmd/go/testdata/src/sleepy1	0	30	30
src/cmd/go/testdata/src/sleepy2	0	30	30
src/internal/x/text/unicode	10	20	30
src/cmd/go/testdata/src/run	0	30	30
src/reflect/internal/example1	30	0	30
src/cmd/vet/testdata/assign	31	0	31
src/cmd/go/testdata/src/testrace	0	31	31
misc/linkcheck	14	18	32
src/cmd/vendor/golang.org/x/tools/go/cfg	14	18	32
src/hash/fnv	11	22	33
src/cmd/vet/testdata/incomplete	0	33	33
src/cmd/go/testdata/src/cgocover3	0	33	33
src/cmd/go/testdata/src/cgocover4	0	33	33
src/cmd/vendor/golang.org/x/mod/sumdb/dirhash	31	2	33
src/cmd/go/testdata/src/testcycle/p1	0	33	33
misc/cgo/testplugin/testdata/method3/p	34	0	34
src/cmd/vet/testdata/src/tagtest	7	27	34
src/cmd/vet/testdata/src/rangeloop	17	17	34
test/fixedbugs/issue36085.dir	31	3	34
src/cmd/vet/testdata/src/asm	17	17	34
misc/cgo/testshared/testdata/division	17	17	34
misc/cgo/testshared/testdata/dep2	17	17	34
misc/cgo/testshared/testdata/globallib	17	17	34
misc/cgo/testshared/testdata/implicitcmd	22	12	34
misc/cgo/testshared/testdata/iface_i	17	17	34
misc/cgo/testplugin/testdata/issue44956/base	25	10	35
misc/cgo/testshared/testdata/issue39777/b	28	7	35
src/cmd/vet/testdata/tagtest	36	0	36
src/cmd/vet/testdata/src/cgo	18	18	36
test/fixedbugs/issue29612.dir/p1/ssa	36	0	36
src/cmd/go/testdata/src/coverdot2	0	36	36
src/cmd/go/testdata/importcom	0	36	36
src/cmd/vet/testdata/src/unmarshal	18	18	36
src/cmd/go/testdata/local/sub	0	36	36
src/cmd/go/internal/doc	21	16	37
src/os/signal/internal/pty	21	16	37
src/go/doc/testdata/pkgdoc	38	0	38
src/internal/singleflight	19	19	38
misc/cgo/testshared/testdata/iface_b	19	19	38
misc/cgo/testshared/testdata/iface_a	19	19	38
test/abi/bad_select_crash.dir	19	19	38
src/cmd/vendor/golang.org/x/tools/go/analysis/passes/ctrlflow	25	14	39
src/cmd/go/testdata/src/vetcycle	0	39	39
src/cmd/go/testdata/src/vetfail/p2	0	39	39
src/cmd/link/testdata	26	13	39
src/cmd/go/testdata/src/coverdep	0	39	39
src/cmd/vet/testdata/copylock	39	0	39
src/cmd/vendor/github.com/google/pprof/internal/binutils/testdata/exe_mac_64.dSYM/Contents	0	40	40
misc/cgo/testshared/src/issue25065	20	20	40
src/cmd/link/internal/ld/testdata/issue39757	37	3	40
src/cmd/vendor/github.com/google/pprof/internal/binutils/testdata/lib_mac_64.dSYM/Contents	0	40	40
test/typeparam/issue49524.dir	28	12	40
misc	24	17	41
src/cmd/go/internal/imports/testdata/star	32	10	42
src/encoding/ascii85	16	26	42
test/typeparam/issue49536.dir	42	0	42
src/cmd/doc/testdata/merge	42	0	42
misc/cgo/test/testdata/issue41761a	42	0	42
src/cmd/go/testdata/testcover/pkg3	0	42	42
src/container/ring	16	26	42
src/crypto/des	27	15	42
misc/cgo/testshared/testdata/iface	21	21	42
src/cmd/go/testdata/local	0	42	42
misc/cgo/test/issue27340	42	0	42
test/fixedbugs/issue33739.dir	38	5	43
src/runtime/pprof/testdata/mappingtest	26	17	43
misc/cgo/testshared/testdata/issue30768/issue30768lib	33	11	44
src/cmd/vet/testdata/src/httpresponse	22	22	44
src/cmd/go/testdata/src/testcycle/p3	0	45	45
src/cmd/vendor/golang.org/x/tools/go/analysis/passes/unreachable	39	6	45
misc/cgo/testshared/testdata/issue39777/a	36	9	45
misc/cgo/testplugin/testdata/method2/p	45	0	45
misc/cgo/testcarchive/testdata/libgo7	43	3	46
src/cmd/vendor/github.com/google/pprof	46	0	46
src/vendor/golang_org/x/crypto/cryptobyte/asn1	0	46	46
src/cmd/compile/internal/types2/testdata/check/issue25008	48	0	48
src/vendor/golang.org/x/crypto/cryptobyte/asn1	47	1	48
src/cmd/go/testdata/local/easysub	0	48	48
src/cmd/vet/testdata/src/composite	24	24	48
src/cmd/go/testdata/src/coverasm	0	48	48
misc/cgo/testshared/testdata/gcdata/p	35	14	49
test/typeparam/issue48094b.dir	44	5	49
test/fixedbugs/issue33020a.dir	46	3	49
src/net/testdata	20	30	50
src/cmd/go/testdata/src/vetpkg	0	51	51
src/cmd/go/testdata/src/coverbad	0	51	51
src/mime/testdata	52	0	52
misc/git	0	52	52
misc/cgo/testshared/testdata/dep3	26	26	52
src/cmd/vet/testdata/divergent	0	52	52
src/crypto/tls/fipsonly	52	1	53
src/cmd/vendor/golang.org/x/tools/go/analysis/passes/inspect	30	23	53
src/cmd/link/internal/ld/testdata/issue38192	50	4	54
src/cmd/vet/testdata/httpresponse	38	16	54
src/internal/boringtest	0	55	55
test/fixedbugs/issue44732.dir/bar	55	0	55
src/cmd/oldlink/internal/ld/testdata/issue32233/main	33	22	55
src/runtime/testdata/testfaketime	56	0	56
test/typeparam/issue49246.dir	51	5	56
misc/cgo/testshared/testdata/issue47837/main	42	14	56
test/typeparam/issue51423.dir	56	0	56
test/fixedbugs/issue29612.dir/p2/ssa	56	0	56
src/cmd/go/testdata/testcover/pkg4	14	42	56
test/fixedbugs/issue34503.dir	54	2	56
test/fixedbugs/issue32778.dir	58	0	58
test/fixedbugs/issue32922.dir	58	0	58
test/typeparam/issue51367.dir	56	2	58
misc/cgo/testcshared/testdata/issue36233	58	0	58
src/cmd/vendor/golang.org/x/tools/go/analysis/passes/internal/analysisutil	58	0	58
misc/cgo/test/testdata/issue30527	60	0	60
test/typeparam/issue49659.dir	58	2	60
test/fixedbugs/issue30907.dir	60	0	60
src/cmd/internal/metadata	60	0	60
test/typeparam/recoverimp.dir	58	2	60
test/fixedbugs/bug460.dir	30	30	60
misc/cgo/testplugin/testdata/forkexec	60	0	60
src/cmd/oldlink/internal/ld/testdata/issue25459/main	30	30	60
misc/cgo/testshared/testdata/issue25065	40	20	60
test/typeparam/issue46461b.dir	50	12	62
src/cmd/vet/testdata/src/assign	31	31	62
src/cmd/go/testdata/src	0	62	62
src/compress/zlib	39	24	63
test/typeparam/issue51836.dir	58	5	63
test/fixedbugs/issue30659.dir	64	0	64
test/typeparam/issue47514c.dir	62	2	64
test/fixedbugs/issue35586.dir	62	2	64
test/fixedbugs/issue44732.dir/foo	65	0	65
src/internal/goroot	27	39	66
src/crypto/internal/boring/bbig	66	0	66
test/fixedbugs/issue33866.dir	66	0	66
src/cmd/compile/internal/types2/testdata/check/importdecl1	66	0	66
src/cmd/go/testdata/testimport	0	67	67
test/fixedbugs/issue31637.dir	68	0	68
src/container/heap	33	36	69
misc/cgo/test/testdata/issue29563	70	0	70
test/typeparam/issue50841.dir	68	2	70
test/fixedbugs/issue44732.dir	65	5	70
test/fixedbugs/issue31959.dir	68	2	70
src/crypto/internal/boring/fipstls	70	1	71
test/fixedbugs/issue43962.dir	69	2	71
misc/cgo/testshared/src/global	0	71	71
misc/cgo/testshared/testdata/issue44031/a	63	9	72
misc/cgo/errors/src	72	0	72
test/fixedbugs/issue49094.dir	67	5	72
src/cmd/vendor/github.com/google/pprof/internal/plugin	30	42	72
misc/cgo/testcarchive/testdata/libgo8	72	0	72
src/cmd/compile/internal/types2/testdata/issue25008	46	26	72
test/typeparam/issue49667.dir	66	8	74
test/typeparam/structinit.dir	70	4	74
test/typeparam/issue48280.dir	70	4	74
src/mime/quotedprintable	48	26	74
test/fixedbugs/issue30862.dir/a	75	0	75
src/cmd/cover/testdata	59	16	75
src/html	70	5	75
test/typeparam/issue50552.dir	74	2	76
misc/cgo/testshared/testdata/issue47837/a	57	19	76
test/fixedbugs/issue33158.dir	74	2	76
test/typeparam/issue49497.dir	70	6	76
test/runtime	74	2	76
src/cmd/api/testdata/src/pkg/p4	70	8	78
src/cmd/go/testdata/src/vend/hello	0	78	78
src/cmd/link/testdata/pe-binutils	75	4	79
src/net/internal/socktest	50	29	79
src/cmd/link/internal/ld/testdata/issue32233/lib	75	5	80
test/fixedbugs/issue44355.dir	80	0	80
test/typeparam/issue48306.dir	76	4	80
test/fixedbugs/issue33020.dir	78	2	80
src/cmd/link/internal/ld/testdata/issue42484	71	9	80
src/cmd/compile/internal/test/testdata/mysort	80	0	80
src/cmd/vendor/github.com/google/pprof/internal/report/testdata/sample	0	82	82
test/typeparam/gencrawler.dir	80	2	82
src/cmd/compile/internal/test/testdata/reproducible	76	6	82
src/cmd/test2json	60	22	82
test/typeparam/issue50481b.dir	80	2	82
src/cmd/vendor/golang.org/x/tools/go/analysis/passes/bools	51	31	82
src/cmd/vendor/golang.org/x/tools/go/analysis/cmd/vet-lite	0	83	83
src/debug/elf/testdata	84	0	84
test/typeparam/issue48454.dir	80	4	84
misc/cgo/testshared/testdata/issue30768	55	30	85
src/cmd/vendor/github.com/google/pprof/driver	34	51	85
test/typeparam/select.dir	86	0	86
test/fixedbugs/issue29610.dir	86	0	86
test/fixedbugs/issue32595.dir	82	4	86
test/fixedbugs/issue52590.dir	86	0	86
src/cmd/go/internal/imports/testdata/illumos	86	0	86
misc/cgo/testplugin/testdata/method3	86	0	86
src/cmd/go/internal/imports/testdata/android	86	0	86
src/cmd/objdump/testdata	87	0	87
src/cmd/link/testdata/testRO	88	0	88
src/net/rpc/jsonrpc	42	46	88
src/compress/bzip2	44	44	88
misc/cgo/testsovar/testdata	79	9	88
test/typeparam/issue48185a.dir	86	3	89
test/typeparam/mdempsky/8.dir	65	24	89
src/cmd/vendor/golang.org/x/sys/internal/unsafeheader	90	0	90
test/typeparam/mdempsky/3.dir	86	4	90
src/testing/quick	46	44	90
test/fixedbugs/issue40252.dir	90	0	90
src/crypto/dsa	81	9	90
src/crypto/internal/boring/sig	92	0	92
src/internal/x/crypto/cryptobyte/asn1	46	46	92
src/cmd/go/internal/modconv/testdata	93	0	93
src/cmd/buildid	20	73	93
test/fixedbugs/bug507.dir	93	0	93
src/cmd/vendor/github.com/google/pprof/internal/graph/testdata	0	94	94
src/cmd/vendor/golang.org/x/tools/go/ast/inspector	75	20	95
src/vendor/golang.org/x/crypto/hkdf	94	1	95
src/cmd/oldlink/internal/ld/testdata/issue26237/main	48	48	96
src/builtin	67	29	96
src/cmd/objdump/testdata/testfilenum	96	0	96
src/cmd/oldlink/internal/ld/testdata/issue26237/b.dir	48	48	96
src/go/types/testdata/issue25008	17	80	97
src/go/types/testdata/check/issue25008	74	23	97
src/cmd/link/internal/ld/testdata/issue39256	98	0	98
test/typeparam/issue49893.dir	94	4	98
src/internal/testlog	99	0	99
src/cmd/link/testdata/testHashedSyms	99	0	99
misc/cgo/testshared/testdata/exe	51	49	100
test/typeparam/issue50481c.dir	98	2	100
src/cmd/link/testdata/testIndexMismatch	100	0	100
test/typeparam/issue50121.dir	94	6	100
test/typeparam/mdempsky/1.dir	73	27	100
test/fixedbugs/issue47131.dir	100	0	100
src/internal/goversion	62	39	101
src/cmd/compile/internal/types2/testdata/importdecl1	100	1	101
test/fixedbugs/issue37513.dir	102	0	102
test/typeparam/mdempsky/7.dir	98	4	102
src/internal/lazyregexp	94	9	103
test/fixedbugs/issue48088.dir	101	2	103
test/fixedbugs/issue35739.dir	104	0	104
src/plugin	67	37	104
test/fixedbugs/issue20014.dir/a	105	0	105
test/fixedbugs/issue31636.dir	94	12	106
src/internal/lazytemplate	106	2	108
src/cmd/go/testdata/src/testregexp	0	108	108
test/typeparam/issue50437.dir	108	0	108
src/go/types/testdata/check/importdecl1	77	33	110
src/cmd/vendor/golang.org/x/sync	110	0	110
src/vendor/golang.org/x/text	110	0	110
src/vendor/golang.org/x/net	110	0	110
src/vendor/golang.org/x/crypto	110	0	110
test/fixedbugs/issue29612.dir	104	6	110
test/fixedbugs/bug511.dir	110	0	110
src/cmd/vendor/golang.org/x/arch	110	0	110
src/vendor/golang.org/x/sys	110	0	110
src/go/internal/gcimporter/testdata	88	24	112
src/embed/internal/embedtest/testdata	112	0	112
test/typeparam/issue48337b.dir	110	2	112
test/typeparam/issue51250a.dir	110	3	113
src/cmd/doc/testdata	117	0	117
src/cmd/vendor/golang.org/x/tools/go/analysis/passes/httpresponse	53	64	117
src/cmd/vet/testdata/cgo	18	99	117
src/crypto/boring	117	3	120
test/typeparam/issue47775.dir	108	12	120
src/cmd/link/internal/ld/testdata/stackcheck	120	0	120
test/abi/bad_select_crash.dir/genUtils	61	61	122
test/typeparam/mdempsky/4.dir	121	2	123
test/oldescape_linkname.dir	55	68	123
test/fixedbugs/issue47201.dir	109	15	124
src/internal/sysinfo	124	0	124
src/cmd/go/testdata/generate	0	126	126
test/typeparam/issue47892.dir	120	6	126
src/cmd/go/internal/mmap	129	0	129
src/runtime/internal/math	117	12	129
test/typeparam/issue48962.dir	128	2	130
test/fixedbugs/issue44325.dir	130	0	130
test/typeparam/mdempsky/12.dir	110	21	131
test/fixedbugs/issue49143.dir	132	0	132
test/fixedbugs/issue33219.dir	128	4	132
src/cmd/oldlink/internal/ld/testdata/httptest/main	66	66	132
src/cmd/link/testdata/testPErsrc	57	76	133
test/fixedbugs/bug510.dir	126	8	134
test/typeparam/issue51219b.dir	97	37	134
src/cmd/vendor/github.com/google/pprof/internal/binutils/testdata	0	134	134
test/fixedbugs/issue46653.dir	135	0	135
src/cmd/vet/testdata/testingpkg	60	75	135
src/cmd/go/testdata/src/testlist	0	135	135
test/typeparam/issue48337a.dir	134	2	136
misc/cgo/testshared/testdata/issue44031/b	119	17	136
src/internal/godebug	136	0	136
src/go/importer	87	49	136
test/fixedbugs/issue47317.dir	134	3	137
misc/cgo/testso/testdata	120	18	138
src/cmd/go/internal/test/internal/genflags	137	1	138
test/fixedbugs/issue31252.dir	132	6	138
test/typeparam/issue48462.dir	137	2	139
test/fixedbugs/issue45503.dir	137	2	139
test/fixedbugs/issue44335.dir	140	0	140
test/typeparam/mdempsky/10.dir	139	2	141
test/abi/bad_select_crash.dir/genCaller42	71	71	142
test/typeparam/issue48094.dir	140	2	142
test/typeparam/issue47892b.dir	140	2	142
test/fixedbugs/issue43164.dir	138	5	143
test/fixedbugs/issue42401.dir	133	11	144
src/internal/abi/testdata	137	7	144
test/typeparam/mutualimp.dir	145	1	146
test/syntax	38	108	146
src/cmd/vendor/golang.org/x/mod	147	0	147
src/cmd/compile/internal/importer/testdata/versions	145	2	147
test/fixedbugs/issue30862.dir/b	146	1	147
src/crypto/internal/boring/build	27	120	147
src/cmd/vendor/golang.org/x/tools/go/analysis/internal/facts	140	8	148
test/fixedbugs/issue32901.dir	142	6	148
test/typeparam/geninline.dir	146	2	148
test/typeparam/issue50598.dir	142	8	150
misc/cgo/testshared/testdata/depBase	75	75	150
src/cmd/vendor/golang.org/x/tools/go/analysis/passes/unmarshal	132	20	152
test/bench/go1	72	81	153
test/fixedbugs/issue34577.dir	152	2	154
test/fixedbugs/issue44370.dir	155	0	155
src/internal/cfg	150	5	155
test/fixedbugs/issue33013.dir	146	10	156
src/internal/txtar	148	8	156
misc/cgo/testplugin/testdata/method	156	0	156
src/cmd/go/internal/tool	123	33	156
misc/sortac	0	158	158
misc/cgo/testshared/testdata/issue44031/main	140	20	160
src/internal/syscall/execenv	149	12	161
src/cmd/oldlink/internal/ld/testdata/issue25459/a	81	81	162
src/go/types/testdata/importdecl1	59	103	162
src/cmd/vendor/golang.org/x/tools/go/analysis/passes/shift	85	77	162
test/typeparam/issue50121b.dir	146	16	162
src/cmd/vendor/golang.org/x/arch/ppc64/ppc64asm/testdata	43	124	167
src/encoding/hex	98	69	167
src/text/tabwriter	107	61	168
src/cmd/oldlink/internal/ld/testdata/issue10978	84	84	168
test/typeparam/issue49241.dir	152	16	168
test/fixedbugs/issue47185.dir	168	0	168
test/typeparam/issue48185b.dir	167	2	169
src/cmd/internal/traceviewer	142	28	170
test/typeparam/issue51219.dir	127	44	171
src/cmd/asm/internal/flags	109	64	173
src/cmd/vet/testdata/print	86	89	175
src/cmd/link/testdata/pe-llvm	174	2	176
test/fixedbugs/issue30908.dir	176	0	176
src/internal/obscuretestdata	162	14	176
test/fixedbugs/issue10700.dir	90	90	180
test/typeparam/issue49027.dir	178	2	180
test/fixedbugs/issue11656.dir	156	25	181
src/cmd/go/internal/fmtcmd	105	76	181
test/chan	146	36	182
src/os/exec/internal/fdtest	182	2	184
src/runtime/testdata/testwinlib	182	2	184
test/closure5.dir	184	2	186
test/typeparam/issue50486.dir	184	2	186
src/cmd/addr2line	123	64	187
src/cmd/go/internal/fix	153	34	187
test/fixedbugs/issue47068.dir	184	4	188
lib/time	84	104	188
test/fixedbugs/issue43551.dir	189	0	189
test/abi/regabipragma.dir/tmp	114	76	190
src/cmd/vendor/golang.org/x/tools/go/analysis/passes/lostcancel	116	75	191
test/fixedbugs/issue49016.dir	192	0	192
src/cmd/vendor/golang.org/x/tools/go/analysis/passes/copylock	150	44	194
src/cmd/vendor/golang.org/x/tools/go/analysis/passes/stdmethods	131	65	196
src/debug/dwarf/testdata	200	0	200
src/expvar	167	34	201
src/cmd/vendor/golang.org/x/sys/windows/svc/debug	0	202	202
test/typeparam/issue50561.dir	200	2	202
src/cmd/pprof/testdata	205	0	205
test/fixedbugs/issue29919.dir	188	18	206
src/unsafe	178	28	206
src/container/list	96	110	206
src/cmd/internal/test2json	141	66	207
src/cmd/vendor/golang.org/x/tools/go/analysis/passes/errorsas	186	22	208
test/fixedbugs/issue42284.dir	200	8	208
src/cmd/oldlink/internal/ld/testdata/issue32233/lib	105	105	210
src/cmd/compile/internal/gc/builtin	172	38	210
misc/cgo/testshared/testdata/global	143	72	215
test/asmhdr.dir	210	6	216
src/crypto/x509/pkix	175	41	216
test/fixedbugs/issue31053.dir	198	18	216
misc/cgo/testplugin/testdata/method2	202	15	217
src/cmd/go/internal/modinfo	141	79	220
test/fixedbugs/issue44330.dir	220	0	220
test/typeparam/issue48716.dir	220	2	222
src/crypto	199	24	223
test/fixedbugs/issue47087.dir	216	8	224
src/cmd/vendor/golang.org/x/tools/go/analysis/passes/composite	147	78	225
src/cmd/vendor/github.com/google/pprof/internal/report/testdata	0	228	228
src/net/http/internal	108	124	232
src/cmd/vendor/golang.org/x/mod/internal/lazyregexp	234	0	234
misc/cgo/test/testdata/issue9400	197	45	242
test/typeparam/factimp.dir	236	8	244
src/net/http/internal/testcert	189	56	245
src/cmd/go/internal/bug	143	105	248
src/internal/testmath	251	0	251
src/cmd/vendor/golang.org/x/tools/go/analysis/passes/pkgfact	0	254	254
test/interface	144	113	257
misc/cgo/testshared/testdata/gcdata/main	185	74	259
test/fixedbugs/issue37837.dir	260	0	260
src/cmd/vendor/golang.org/x/tools/go/ast/astutil	187	74	261
src/cmd/asm/internal/lex	194	70	264
src/cmd/asm	176	94	270
test/abi/bad_select_crash.dir/genChecker42	135	135	270
src/runtime/testdata/testwinlibsignal	250	20	270
test/typeparam/mapimp.dir	265	7	272
src/cmd/compile/internal/types2/testdata/check/importdecl0	272	0	272
src/cmd/vendor/golang.org/x/sync/semaphore	272	0	272
test/fixedbugs/issue43633.dir	266	9	275
test/typeparam/pairimp.dir	243	35	278
src/net/http/cookiejar	172	107	279
src/cmd/go/testdata/src/testcache	3	276	279
src/cmd/vendor/github.com/google/pprof/internal/proftest	0	280	280
test/fixedbugs/issue20014.dir	279	3	282
src/cmd/internal/bio	263	20	283
test/interface/embed3.dir	297	0	297
misc/cgo/testcarchive/testdata	232	72	304
test/typeparam/aliasimp.dir	275	29	304
src/cmd/vendor/golang.org/x/tools/go/analysis/internal/unitchecker	0	306	306
misc/cgo/test/testdata	236	71	307
src/cmd/compile/internal/gc/testdata/reproducible	244	70	314
src/cmd/link/internal/loong64	315	0	315
test/fixedbugs/issue46653.dir/bad	320	0	320
test/typeparam/absdiffimp2.dir	301	23	324
src/internal/fmtsort	254	70	324
misc/cgo/testplugin/testdata/issue44956	309	16	325
test/typeparam/stringerimp.dir	326	2	328
test/typeparam/minimp.dir	308	25	333
test/typeparam/dedup.dir	326	8	334
src/debug/macho	260	75	335
src/runtime/testdata/testwinsignal	260	78	338
src/vendor/golang_org/x/text/secure/bidirule	0	342	342
src/cmd/vendor/github.com/google/pprof/internal/symbolz	2	340	342
src/cmd/link/testdata/testPErsrc-complex	215	129	344
src/cmd/vendor/golang.org/x/tools/go/analysis/passes/loopclosure	261	86	347
test/typeparam/mincheck.dir	338	14	352
misc/cgo/life	315	39	354
misc/cgo/stdio	315	39	354
src/testing/internal/testdeps	291	65	356
src/internal/itoa	340	17	357
src/cmd/compile/internal/types2/testdata/importdecl0	251	108	359
test/abi/regabipragma.dir	216	144	360
src/cmd/go/internal/modfile/testdata	0	363	363
src/cmd/vendor/golang.org/x/tools/go/types/typeutil	332	36	368
src/cmd/internal/quoted	349	25	374
src/encoding/base64	226	149	375
test/fixedbugs/issue30862.dir	150	226	376
src/runtime/asan	248	134	382
test/fixedbugs/issue43479.dir	390	0	390
src/go/types/testdata/check/importdecl0	296	95	391
src/cmd/link/internal/dwtest	394	0	394
src/cmd/vendor/golang.org/x/tools/go/analysis/passes/cgocall	259	135	394
src/go/format	327	70	397
src/cmd/internal/src	311	87	398
src/cmd/vendor/golang.org/x/sys/windows/svc/eventlog	0	402	402
src/cmd/nm	266	136	402
src/vendor/golang.org/x/text/secure/bidirule	398	8	406
src/cmd/internal/osinfo	302	104	406
src/vendor/golang.org/x/net/http/httpproxy	386	21	407
src/cmd/go/internal/web2	91	319	410
src/internal/unsafeheader	414	3	417
src/go/internal/gccgoimporter/testdata	419	1	420
src/log	315	106	421
src/cmd/vet/testdata/buildtag	380	45	425
src/crypto/hmac	396	35	431
src/go/internal/srcimporter	267	164	431
test/fixedbugs/issue47185.dir/bad	432	0	432
src/cmd/vendor/golang.org/x/tools/txtar	286	146	432
src/vendor/golang.org/x/crypto/internal/subtle	290	146	436
src/internal/traceparser/filebuf	0	440	440
src/go/types/testdata/importdecl0	178	264	442
src/cmd/internal/diff	281	163	444
misc/boring	290	161	451
misc/cgo/testgodefs	349	106	455
src/cmd/go/internal/auth	201	254	455
src/cmd/vendor/golang.org/x/tools/go/analysis/passes/framepointer	455	0	455
src/cmd/go/internal/clean	317	139	456
src/cmd/vendor/golang.org/x/tools/go/analysis/internal/analysisflags	392	66	458
src/vendor/golang_org/x/net/internal/nettest	0	459	459
.github/ISSUE_TEMPLATE	455	7	462
src/cmd/vendor/golang.org/x/tools/go/analysis/passes/asmdecl	369	101	470
src/cmd/go/internal/dirhash	62	409	471
src/cmd/link/internal/loadxcoff	249	224	473
src/database/sql/driver	348	130	478
src/encoding/base32	299	180	479
test/closure3.dir	239	243	482
src/cmd/compile/internal/ssa/testdata	339	146	485
src/cmd/compile/internal/typecheck/builtin	275	216	491
src/log/syslog	285	206	491
src/internal/oserror	265	229	494
src/runtime/race/testdata	441	55	496
src/runtime/trace	373	126	499
test/typeparam/issue50485.dir	498	2	500
src/vendor/golang.org/x/net/http/httpguts	456	46	502
src/cmd/link/internal/ld/testdata/deadcode	482	27	509
src/vendor/golang_org/x/net/http/httpguts	0	515	515
src/cmd/vendor/golang.org/x/mod/semver	503	20	523
src/math/rand	354	171	525
src/vendor	297	232	529
src/cmd/vendor/golang.org/x/tools/go/analysis/passes/unsafeptr	345	193	538
src/hash/crc32	137	403	540
src/cmd/compile/internal/compare	544	0	544
src/encoding/pem	285	265	550
src/cmd/vendor/golang.org/x/tools/go/analysis/passes/ifaceassert	559	0	559
src/cmd/compile/internal/devirtualize	538	28	566
src/cmd/go/internal/txtar	10	558	568
src/cmd/go/testdata	223	347	570
src/vendor/golang_org/x/net/nettest	0	580	580
misc/cgo/testgodefs/testdata	581	0	581
src/cmd/compile/internal/typebits	552	30	582
src/path	392	190	582
src/cmd/internal/test2json/testdata	442	143	585
src/vendor/golang_org/x/crypto/hkdf	0	598	598
src/cmd/vendor/golang.org/x/tools/go/types/objectpath	454	152	606
src/cmd/vendor/github.com/google/pprof/internal/symbolizer	8	602	610
src/internal/diff	610	1	611
misc/reboot	545	71	616
src/cmd/go/internal/cmdflag	264	355	619
src/go/token	461	158	619
test/typeparam/valimp.dir	572	50	622
src/cmd/go/internal/webtest	0	628	628
src/cmd/go/internal/trace	626	8	634
src/crypto/sha256	422	215	637
src/internal/diff/testdata	650	0	650
src/vendor/golang.org/x/net/lif	563	92	655
src/crypto/sha512	442	217	659
src/cmd/go/internal/par	627	44	671
src/cmd/vendor/golang.org/x/sys/windows/svc/example	0	672	672
src/cmd/go/internal/robustio	413	261	674
src/net/rpc	336	339	675
src/cmd/vet/testdata/src/print	681	0	681
src/internal/x/text/secure/bidirule	342	342	684
misc/cgo/testsovar	536	148	684
src/unicode/utf8	595	91	686
src/cmd/vendor/golang.org/x/tools/go/analysis/unitchecker	547	143	690
src/cmd/go/internal/run	467	224	691
src/cmd/vendor/golang.org/x/tools/go/analysis/passes/stringintconv	633	69	702
misc/cgo/testso	536	176	712
misc/cgo/testsanitizers	585	132	717
src/cmd/vendor/golang.org/x/tools/go/analysis/passes/tests	669	53	722
src/cmd/vendor/golang.org/x/mod/sumdb/note	700	25	725
src/cmd/go/internal/modfetch/zip_sum_test	707	19	726
src/vendor/golang_org/x/net/http/httpproxy	0	734	734
api/next	541	197	738
src/vendor/golang.org/x/text/transform	729	10	739
src/vendor/golang_org/x/text/transform	0	746	746
src/internal/syscall/windows/registry	215	534	749
src/bytes/hash	750	2	752
src/cmd/vendor/golang.org/x/tools/go/analysis/passes/testinggoroutine	737	19	756
src/cmd/compile/internal/types2/testdata/check/decls2	750	6	756
test/typeparam/listimp.dir	702	72	774
src/internal/intern	766	10	776
src/net/textproto	509	268	777
src/net/http/internal/ascii	780	0	780
src/cmd/vendor/golang.org/x/tools/go/analysis/passes/sigchanyzer	779	9	788
misc/spectre	399	399	798
test/typeparam/absdiffimp.dir	657	145	802
src/constraints	401	401	802
src/cmd/go/internal/vet	476	346	822
src/net/smtp	752	71	823
src/vendor/golang_org/x/net/lif	0	825	825
src/cmd/vet/internal/cfg	0	844	844
src/runtime/internal/syscall	770	83	853
src/compress/gzip	674	180	854
src/go/parser/testdata/resolution	835	29	864
src/cmd/pprof	762	106	868
src/regexp/testdata	680	195	875
src/net/http/fcgi	695	189	884
src/cmd/internal/buildid	782	103	885
src/mime/multipart	672	214	886
src/cmd/go/internal/cache	502	392	894
src/cmd/go/internal/generate	689	206	895
src/cmd/compile/internal/mips64	451	445	896
src/cmd/compile/internal/mips	450	447	897
src/cmd/link/internal/benchmark	824	77	901
src/go/types/testdata/decls2	372	558	930
src/internal/testenv	772	163	935
src/cmd/compile/internal/types2/testdata/decls2	561	375	936
src/image/gif	707	233	940
src/cmd/compile/internal/loong64	943	0	943
misc/cgo/errors/testdata	534	418	952
src/go/types/testdata/check/decls2	756	198	954
src/cmd/go/internal/semver	11	943	954
src/regexp	765	195	960
src/cmd/link/internal/wasm	603	360	963
src/cmd/link/internal/mips	330	634	964
misc/android	633	348	981
src/image/png	804	188	992
src/cmd/vet/all/whitelist	47	966	1013
src/cmd/vet/all	144	872	1016
src/cmd/compile/internal/importer/testdata	986	46	1032
src/cmd/go/internal/base	604	434	1038
src/go/doc/testdata/examples	1044	0	1044
src/cmd/internal/str	812	235	1047
src/cmd/internal/xcoff	0	1054	1054
src/cmd/compile/internal/wasm	609	451	1060
src/net/http/httptest	862	200	1062
src/cmd/internal/pkgpath	1048	23	1071
src/mime	910	162	1072
src/encoding/gob	831	247	1078
src/cmd/vendor/golang.org/x/mod/sumdb	1059	25	1084
src/cmd/objdump	732	370	1102
src/net/mail	986	118	1104
src/regexp/syntax	696	409	1105
src/cmd/go/internal/lockedfile/internal/filelock	982	149	1131
src/cmd/compile/internal/deadcode	1135	6	1141
src/crypto/sha1	345	799	1144
src/internal/x/net/http/httpguts	515	634	1149
src/cmd/vendor/golang.org/x/tools/cover	1129	34	1163
src/cmd/vendor/golang.org/x/mod/sumdb/tlog	1168	1	1169
src/image/jpeg	931	254	1185
src/cmd/compile/internal/arm	603	589	1192
src/cmd/oldlink/internal/loadxcoff	478	716	1194
src/crypto/x509/internal/macOS	897	299	1196
src/cmd/vendor/golang.org/x/tools/go/analysis	820	376	1196
src/cmd/go/internal/imports	909	301	1210
src/cmd/compile/internal/bitvec	911	309	1220
src/cmd/oldlink/internal/riscv64	501	729	1230
src/internal/x/net/nettest	580	656	1236
src/cmd/link/internal/loadelfold	3	1244	1247
misc/ios	797	464	1261
src/cmd/vendor/golang.org/x/tools/go/analysis/passes/structtag	685	585	1270
src/cmd/compile/internal/types2/testdata/spec	1130	150	1280
src/cmd/vendor/github.com/google/pprof/internal/elfexec	748	539	1287
src/cmd/link/internal/mips64	438	850	1288
src/crypto/cipher	984	307	1291
src/cmd/go/internal/str	697	599	1296
src/go/internal/gccgoimporter	849	460	1309
src/text/scanner	999	313	1312
src/cmd/go/internal/search	847	468	1315
src/vendor/golang_org/x/net/idna	0	1326	1326
src/cmd/vendor/github.com/google/pprof/internal/measurement	539	798	1337
src/cmd/internal/dwarf	961	377	1338
src/encoding/asn1	1091	251	1342
src/cmd/vendor/github.com/google/pprof/internal/driver/html	1347	0	1347
src/go/internal/typeparams	858	502	1360
src/vendor/golang_org/x/crypto/internal/chacha20	0	1365	1365
src/net/http/pprof	1121	250	1371
src/cmd/internal/codesign	1364	8	1372
src/internal/x/net/internal/nettest	459	918	1377
src/debug/buildinfo	1315	68	1383
src/cmd/go/internal/help	945	441	1386
src/internal/xcoff	1381	20	1401
src/compress/flate	986	456	1442
doc/gopher	0	1446	1446
src/vendor/golang.org/x/crypto/internal/poly1305	1453	5	1458
src/context	1085	377	1462
src/cmd/vet/testdata/asm	69	1420	1489
test/typeparam/orderedmapsimp.dir	1250	240	1490
src/crypto/x509/internal/macos	1131	381	1512
src/cmd/internal/objfile	1000	525	1525
src/internal/x/text/transform	746	785	1531
src/internal/trace	1464	70	1534
misc/wasm	967	575	1542
misc/cgo/testplugin	1206	338	1544
src/go/scanner	1210	335	1545
src/vendor/golang.org/x/net/http2/hpack	1511	37	1548
src/cmd/compile/internal/abt	1549	0	1549
src/vendor/golang.org/x/net/nettest	1389	163	1552
src/cmd/compile/internal/syntax/testdata	1438	147	1585
test/typeparam/mapsimp.dir	1586	2	1588
src/cmd/go/internal/sumdb	376	1214	1590
src/net/http/cgi	1045	546	1591
src/io	1206	386	1592
src/cmd/vendor/golang.org/x/sys/windows/svc/mgr	0	1592	1592
src/embed/internal/embedtest	1354	254	1608
misc/cgo/testsanitizers/testdata	1527	92	1619
src/cmd/vendor/golang.org/x/crypto/ed25519	1148	488	1636
src/vendor/golang.org/x/crypto/cryptobyte	1589	49	1638
src/cmd/go/internal/lockedfile	1491	150	1641
src/cmd/vendor/golang.org/x/sys/windows/svc	2	1642	1644
src/crypto/ed25519/internal/edwards25519/field/_asm	1650	0	1650
src/cmd/link/internal/loadmacho	684	968	1652
misc/cgo/testcshared	1349	312	1661
src/cmd/trace	929	735	1664
src/internal/x/crypto/hkdf	598	1103	1701
test/typeparam/setsimp.dir	1706	2	1708
src/cmd/go/internal/cfg	1164	553	1717
src/internal/execabs	1379	339	1718
src/cmd/go/internal/modconv	428	1298	1726
src/cmd/vendor/golang.org/x/tools/internal/analysisinternal	1660	72	1732
src/bufio	1528	208	1736
src/cmd/go/internal/list	1278	466	1744
misc/nacl	27	1745	1772
src/cmd/go/internal/workcmd	1347	451	1798
src/cmd/internal/sys	1265	534	1799
src/encoding/binary	1640	162	1802
src/internal/x/net/http/httpproxy	734	1098	1832
src/internal/x/net/lif	825	1011	1836
src/cmd/go/internal/version	1080	759	1839
src/cmd/vendor/golang.org/x/tools/go/analysis/passes/printf	1218	637	1855
src/cmd/compile/internal/objw	1860	7	1867
src/debug/pe	1501	375	1876
src/errors	1397	522	1919
src/internal/pkgbits	1439	488	1927
src/os/user	1273	660	1933
src/cmd/vendor/github.com/google/pprof/internal/graph	240	1700	1940
src/cmd/vendor/github.com/google/pprof/internal/driver/testdata	0	1948	1948
src/runtime/race	1401	559	1960
src/cmd/doc	1386	578	1964
src/cmd/compile/internal/s390x	1089	887	1976
test/typeparam/mdempsky	1926	73	1999
src/go/types/testdata/spec	1274	730	2004
src/internal/syscall/windows	1047	957	2004
test/typeparam/sliceimp.dir	1975	55	2030
src/flag	1754	285	2039
test/fixedbugs/bug302.dir	1	2047	2048
src/cmd/oldlink/internal/mips	869	1188	2057
src/image/draw	1871	191	2062
src/cmd/link/internal/loadpe	1309	756	2065
src/cmd/internal/obj/riscv/testdata/testbranch	1547	518	2065
src/embed	1940	143	2083
src/internal/abi	1901	193	2094
src/runtime/debug	1623	472	2095
src/cmd/vendor	777	1364	2141
src/vendor/golang_org/x/crypto/cryptobyte	0	2141	2141
src/cmd/internal/obj/wasm	1288	919	2207
src/debug/gosym	1669	545	2214
src/internal/buildcfg	1844	379	2223
src/crypto/rsa	1549	680	2229
src/image	2139	90	2229
src/syscall/js	1535	715	2250
src/io/ioutil	1020	1247	2267
src/crypto/rand	930	1341	2271
src/testing/iotest	2206	68	2274
src/cmd/internal/obj/arm	642	1633	2275
src/cmd/api	1618	660	2278
src/cmd/cover	869	1412	2281
src/strings	1600	697	2297
src/go/doc/testdata	1509	792	2301
src/cmd/link/internal/riscv64	1836	478	2314
src/internal/syscall/unix	1600	727	2327
src/cmd/oldlink/internal/mips64	983	1359	2342
src/cmd/vendor/golang.org/x/tools/go/analysis/passes/buildtag	2060	331	2391
src/cmd/vendor/golang.org/x/arch/arm/armasm	0	2422	2422
src/math/bits	1886	537	2423
src/cmd/go/internal/web	1994	435	2429
src/crypto/md5	1110	1327	2437
misc/cgo/testcarchive	1740	701	2441
src/internal/goexperiment	1936	507	2443
src/vendor/golang_org/x/text/unicode/norm	0	2453	2453
src/cmd/gofmt/testdata	2067	394	2461
src/cmd/asm/internal/asm	1819	672	2491
src/cmd/go/internal/envcmd	1735	762	2497
src/cmd/pack	1083	1420	2503
src/cmd/go/internal/renameio	811	1717	2528
test/typeparam/chansimp.dir	2529	3	2532
src/cmd/internal/archive	1947	591	2538
src/text/template/parse	1918	633	2551
src/cmd/oldlink/internal/loadpe	1028	1541	2569
src/cmd/go/internal/module	677	1924	2601
src/cmd	1353	1317	2670
src/cmd/vendor/golang.org/x/mod/module	2440	241	2681
src/cmd/fix	1168	1528	2696
src/cmd/link/internal/s390x	1128	1586	2714
src/cmd/gofmt	1481	1249	2730
src/go/constant	1963	768	2731
src/cmd/compile/internal/x86	764	1971	2735
src/cmd/asm/internal/arch	1634	1119	2753
src/cmd/compile/internal/types2/fixedbugs	2357	403	2760
src/vendor/golang_org/x/net/http2/hpack	0	2799	2799
src/internal/x/net/idna	1327	1525	2852
src/cmd/compile/internal/gc/testdata/gen	0	2872	2872
src/cmd/compile/internal/test/testdata/gen	2872	0	2872
src/cmd/vendor/golang.org/x/xerrors	2148	788	2936
src/hash/maphash	2391	560	2951
misc/cgo/errors	2301	654	2955
src/encoding/xml	2281	675	2956
src/cmd/go/internal/get	1238	1726	2964
src/go/parser/testdata	2910	54	2964
src/cmd/vendor/golang.org/x/arch/arm64/arm64asm	529	2438	2967
src/vendor/golang_org/x/crypto/curve25519	0	2980	2980
src/archive/tar	1635	1354	2989
src/compress/lzw	1898	1092	2990
src/cmd/vendor/golang.org/x/sys/windows/registry	0	3016	3016
src/cmd/compile/internal/arm64	2155	870	3025
src/cmd/compile/internal/types2/examples	1883	1192	3075
src/go/types/examples	1893	1196	3089
doc/play	6	3096	3102
src/runtime/pprof/internal/profile	19	3101	3120
src/vendor/golang_org/x/crypto/chacha20poly1305	0	3137	3137
src/cmd/compile/internal/logopt	2831	343	3174
src/internal/goos	2809	371	3180
src/sync/atomic	2917	290	3207
src/cmd/vendor/golang.org/x/arch/arm/armasm/testdata	0	3210	3210
src/runtime/testdata/testprogcgo	2659	621	3280
src/cmd/internal/obj/loong64	3310	1	3311
src/go/doc/comment/testdata	3354	13	3367
src/vendor/golang_org/x/net/dns/dnsmessage	0	3372	3372
src/cmd/oldlink/internal/objfile	1356	2016	3372
src/cmd/link/internal/objfile	1546	1834	3380
src/cmd/compile/internal/pkginit	2146	1253	3399
src/cmd/link/internal/loadelf	1583	1827	3410
src/crypto/internal/nistec	900	2548	3448
src/internal/x/crypto/internal/chacha20	1365	2131	3496
src/bytes	2611	914	3525
src/net/url	2609	919	3528
src/vendor/golang.org/x/crypto/curve25519/internal/field	3536	0	3536
src/go/printer	2716	821	3537
src/cmd/oldlink	1778	1778	3556
src/cmd/go/internal/modfetch/codehost	2073	1484	3557
src/go/printer/testdata	3288	349	3637
src/cmd/oldlink/internal/wasm	1820	1855	3675
src/cmd/compile/internal/riscv64	3255	429	3684
src/vendor/golang.org/x/net/dns/dnsmessage	3582	144	3726
src/cmd/compile/internal/test/testdata	3725	2	3727
src/runtime/testdata/testprog	3247	486	3733
src/cmd/oldlink/internal/s390x	1555	2217	3772
src/vendor/golang.org/x/crypto/chacha20poly1305	3467	312	3779
src/net/http/httputil	3231	549	3780
test/typeparam/listimp2.dir	3430	353	3783
src/cmd/vendor/github.com/google/pprof/internal/binutils	2058	1729	3787
src/text/template	2839	1006	3845
src/vendor/golang_org/x/text/unicode/bidi	0	3865	3865
src/cmd/link/internal/x86	1488	2433	3921
src/cmd/go/internal/modfile	339	3585	3924
src/internal/traceparser	0	3947	3947
src/vendor/golang.org/x/crypto/chacha20	3588	369	3957
src/cmd/compile/internal/staticinit	3808	150	3958
src/crypto/internal/boring	3665	294	3959
	3786	194	3980
src/cmd/compile/internal/staticdata	3353	636	3989
src/cmd/internal/moddeps	3335	691	4026
src/cmd/vendor/golang.org/x/tools/internal/lsp/fuzzy	3911	134	4045
src/debug/elf	2888	1171	4059
src/crypto/ed25519	2658	1405	4063
src/cmd/vendor/golang.org/x/mod/zip	3496	584	4080
src/cmd/internal/obj/mips	2459	1672	4131
src/runtime/metrics	3733	405	4138
src/sync	3098	1065	4163
misc/cgo/testshared	2415	1762	4177
src/testing/fstest	4076	111	4187
src/go/ast	2418	1770	4188
src/vendor/golang.org/x/net/route	3119	1099	4218
src/vendor/golang_org/x/net/route	0	4230	4230
src/cmd/oldlink/internal/loadmacho	1693	2584	4277
src/cmd/oldlink/internal/amd64	1188	3169	4357
doc/articles	161	4223	4384
src/cmd/internal/notsha256	3720	671	4391
src/cmd/oldlink/internal/x86	1274	3168	4442
src/cmd/vendor/github.com/google/pprof/profile/testdata	0	4470	4470
src/cmd/vet/testdata	0	4598	4598
src/cmd/link/internal/amd64	1993	2694	4687
src/cmd/link/internal/sym	1241	3465	4706
src/internal/cpu	2772	1936	4708
src/internal/profile	4653	66	4719
src/cmd/oldlink/internal/arm	1375	3353	4728
src/cmd/vendor/golang.org/x/tools/internal/typeparams	3897	895	4792
src/cmd/oldlink/internal/arm64	1400	3402	4802
src/os/signal	3603	1204	4807
misc/nacl/testdata	2	4817	4819
src/cmd/vendor/github.com/google/pprof/third_party/d3flamegraph	2748	2122	4870
src/cmd/compile/internal/types2/testdata/examples	4467	442	4909
src/go/types/fixedbugs	2597	2317	4914
src/path/filepath	2857	2145	5002
src/internal/x/text/unicode/norm	2454	2567	5021
src/cmd/go/internal/note	2571	2494	5065
src/cmd/go/internal/vcs	3515	1555	5070
src/cmd/link/internal/arm	2143	2943	5086
src/cmd/cgo	3206	1914	5120
src/cmd/compile/internal/gc/testdata	1366	3778	5144
src/cmd/go/testdata/mod	4940	242	5182
src/internal/x/crypto/cryptobyte	2141	3056	5197
src/crypto/ecdsa	3253	1969	5222
src/vendor/golang_org/x/crypto/poly1305	0	5237	5237
src/encoding/csv	3234	2007	5241
src/cmd/compile/internal/dwarfgen	4829	470	5299
src/cmd/compile/internal/abi	4617	700	5317
src/cmd/go/internal/mvs	3910	1431	5341
src/fmt	3076	2275	5351
src/cmd/go/internal/test	3829	1551	5380
src/cmd/oldlink/internal/loader	2030	3380	5410
src/cmd/compile/internal/amd64	3398	2018	5416
src/crypto/aes	3771	1689	5460
src/cmd/go/internal/modindex	4315	1154	5469
src/cmd/internal/obj/x86	3344	2192	5536
src/cmd/go/internal/sumweb	3382	2162	5544
src/cmd/compile/internal/ppc64	3896	1654	5550
src	2515	3087	5602
src/go/types/testdata/examples	4393	1367	5760
src/crypto/elliptic/internal/nistec	4629	1135	5764
src/go/doc/comment	5630	141	5771
src/math/cmplx	4268	1514	5782
src/cmd/compile/internal/liveness	4058	1775	5833
src/cmd/go/internal/tlog	3318	2618	5936
src/internal/x/crypto/curve25519	2980	3019	5999
src/cmd/vendor/github.com/google/pprof/internal/report	3787	2390	6177
src/database/sql	4933	1277	6210
src/cmd/vendor/golang.org/x/term	5913	340	6253
src/cmd/vendor/github.com/google/pprof/profile	216	6053	6269
src/internal/goarch	5487	815	6302
src/cmd/internal/obj/s390x	4145	2162	6307
src/os/exec	3966	2352	6318
src/go/internal/gcimporter	3475	2897	6372
misc/trace	4576	1801	6377
src/cmd/go/internal/modfetch/zip_sum_test/testdata	6372	15	6387
src/go/build/constraint	6336	65	6401
src/cmd/oldlink/internal/loadelf	2567	3849	6416
src/io/fs	6054	507	6561
src/vendor/golang.org/x/crypto/internal/chacha20	2817	3803	6620
src/cmd/link/internal/ppc64	3574	3070	6644
src/cmd/oldlink/internal/sym	2775	3947	6722
src/go/doc	3935	2820	6755
src/cmd/oldlink/internal/ppc64	2815	4102	6917
src/cmd/vet	397	6540	6937
src/internal/x/net/http2/hpack	2815	4185	7000
src/encoding/json	4697	2385	7082
src/internal/x/crypto/chacha20poly1305	3137	3997	7134
src/cmd/go/internal/fsys	6698	470	7168
src/archive/zip	5944	1280	7224
src/sort	4625	2629	7254
src/index/suffixarray	6502	769	7271
src/cmd/compile/internal/base	6594	767	7361
src/internal/reflectlite	6863	612	7475
src/internal/poll	5810	1731	7541
src/cmd/internal/objabi	4232	3376	7608
src/cmd/vendor/golang.org/x/crypto/ssh/terminal	241	7511	7752
src/cmd/internal/goobj	4216	3569	7785
src/cmd/link/internal/arm64	5136	2718	7854
src/internal/x/text/unicode/bidi	3865	4050	7915
src/vendor/golang.org/x/sys/cpu	6704	1299	8003
src/internal/x/net/dns/dnsmessage	3372	4641	8013
src/cmd/go/internal/modcmd	5860	2355	8215
src/cmd/compile/internal/test	7577	744	8321
src/debug/dwarf	6586	1805	8391
src/cmd/dist	5247	3228	8475
src/cmd/compile/internal/syntax/testdata/go2	6920	1844	8764
src/cmd/link	7395	1633	9028
src/cmd/internal/goobj2	6696	2401	9097
src/cmd/vendor/github.com/ianlancetaylor/demangle/testdata	0	9188	9188
src/runtime/pprof	6630	2564	9194
src/internal/x/net/route	4272	5194	9466
src/crypto/ed25519/internal/edwards25519/field	9477	66	9543
src/cmd/vendor/github.com/google/pprof/third_party/d3	0	9642	9642
src/html/template	8368	1690	10058
src/runtime/internal/sys	2022	8101	10123
src/net/netip	9808	318	10126
doc/codewalk	158	10115	10273
src/cmd/vendor/golang.org/x/mod/modfile	8415	2145	10560
test/abi	10275	443	10718
src/unicode	4500	6333	10833
src/cmd/compile/internal/importer	10265	1022	11287
doc/articles/wiki	659	10640	11299
src/cmd/vendor/golang.org/x/sys/plan9	11640	43	11683
src/runtime/cgo	7778	4317	12095
src/cmd/compile/internal/inline	8942	3231	12173
src/cmd/vendor/github.com/ianlancetaylor/demangle	9515	2681	12196
src/cmd/compile	6426	5939	12365
doc/progs	41	12386	12427
src/cmd/go/internal/load	8662	4238	12900
src/cmd/compile/internal/types2/testdata/fixedbugs	11957	1436	13393
src/internal/x/crypto/poly1305	5237	8312	13549
src/vendor/golang.org/x/crypto/poly1305	5990	7835	13825
src/time	10832	3004	13836
src/cmd/go/internal/work	9230	4813	14043
src/cmd/vendor/github.com/google/pprof/internal/driver	5253	9500	14753
src/go/parser	10487	4531	15018
test/codegen	13162	2548	15710
src/testing	11852	3946	15798
misc/cgo/test	8768	7486	16254
src/cmd/internal/obj/riscv	12881	3639	16520
src/internal/bytealg	11385	5181	16566
src/math	7841	9147	16988
src/go/build	11211	5834	17045
src/strconv	12670	5031	17701
src/cmd/vendor/golang.org/x/arch/x86/x86asm/testdata	0	17716	17716
src/cmd/internal/obj/ppc64	10382	7571	17953
src/cmd/vendor/golang.org/x/arch/arm64/arm64asm/testdata	0	18448	18448
src/go/types/testdata/fixedbugs	12894	6060	18954
src/cmd/vendor/golang.org/x/crypto/ed25519/internal/edwards25519	12860	6430	19290
src/cmd/compile/internal/reflectdata	15572	3939	19511
src/cmd/compile/internal/syntax	14731	5451	20182
src/cmd/internal/obj/arm64	14009	7263	21272
src/vendor/golang.org/x/crypto/curve25519	7125	14236	21361
src/cmd/go/internal/modget	13536	8219	21755
doc/devel	557	22257	22814
src/internal/fuzz	19397	3726	23123
src/cmd/internal/obj	15111	8497	23608
src/vendor/golang.org/x/text/unicode/bidi	20988	2904	23892
src/cmd/compile/internal/types	18476	5806	24282
src/cmd/asm/internal/asm/testdata	13604	10912	24516
src/os	18546	6748	25294
src/math/big	15685	9950	25635
src/runtime/internal/atomic	17550	9658	27208
src/cmd/go/internal/modfetch	16121	13834	29955
src/cmd/link/internal/loader	21175	9400	30575
src/net	20462	10633	31095
src/crypto/ed25519/internal/edwards25519	16628	15595	32223
src/crypto/tls	21745	11759	33504
src/reflect	26144	8120	34264
src/cmd/compile/internal/escape	23283	12505	35788
src/crypto/elliptic/internal/fiat	33522	3157	36679
src/net/http	28520	11507	40027
src/cmd/go	15891	26105	41996
src/vendor/golang.org/x/net/idna	27188	14961	42149
src/go/types/testdata	7004	39855	46859
src/cmd/compile/internal/types2/testdata/check	45490	2385	47875
src/cmd/compile/internal/types2/testdata	28434	20558	48992
test/typeparam	46632	3281	49913
test/fixedbugs	42443	8461	50904
src/crypto/elliptic	31448	20786	52234
src/cmd/compile/internal/ssagen	45465	9154	54619
test	32352	22577	54929
src/go/types/testdata/check	45849	13447	59296
src/cmd/vendor/golang.org/x/arch/ppc64/ppc64asm	32011	30845	62856
src/crypto/x509	32285	32589	64874
src/cmd/compile/internal/walk	52086	14777	66863
api	37106	34544	71650
src/cmd/vendor/golang.org/x/sys/windows	60995	14057	75052
src/vendor/golang.org/x/text/unicode/norm	54354	21050	75404
src/cmd/go/internal/modload	52171	26710	78881
src/cmd/compile/internal/ir	60114	23182	83296
src/cmd/oldlink/internal/ld	27955	59698	87653
src/cmd/vendor/golang.org/x/arch/x86/x86asm	44218	48632	92850
src/cmd/compile/internal/typecheck	75263	23292	98555
src/crypto/tls/testdata	56391	55537	111928
src/cmd/compile/internal/ssa/gen	66771	56927	123698
src/cmd/compile/internal/noder	106658	24330	130988
src/cmd/go/testdata/script	124204	14609	138813
src/cmd/link/internal/ld	79214	60428	139642
src/go/types	102641	54215	156856
src/cmd/compile/internal/types2	147363	44516	191879
src/syscall	120857	83241	204098
doc	45680	201068	246748
src/cmd/compile/internal/gc	100028	284737	384765
src/runtime	279826	136985	416811
src/time/tzdata	229072	213100	442172
src/vendor/golang.org/x/sys/unix	408978	445375	854353
src/cmd/vendor/golang.org/x/sys/unix	411688	540942	952630
src/cmd/compile/internal/ssa	736274	990519	1726793
